Metric,Value
Max Modelling Error,0.003838958150642169
Accuracy,0.8968565815324165
